[{"suroviny":["mouka_30_g","vejce_3_ks"],"pocetPorci":0,"nazev":"Palačinky","chod":"snídaně","doba":15,"poznamka":"na pánvi z každé strany 2 minuty","cena":59},{"suroviny":["brambory_300_g","česnek_20_g","mouka_30_g","vejce_2_ks"],"pocetPorci":0,"nazev":"Bramboráky","chod":"hlavní jídlo","doba":25,"poznamka":"bacha na připálení, podávej s citrónovou vodou na umytí rukou","cena":79.99},{"suroviny":["klobása_2_ks","křen_50_g","chleba_2_ks"],"pocetPorci":200,"nazev":"Bratwurst","chod":"jídlo k pivu","doba":10,"poznamka":"klasika k pivu","cena":69.99},{"suroviny":["kuřecí maso_130_g","gnocchi_90_g","sýr_30_g","kukuřice_10_g"],"pocetPorci":0,"nazev":"Gnocchi con pollo","chod":"hlavní jídlo","doba":30,"poznamka":"ok","cena":99},{"suroviny":["maso_20_g","bůlka_1_ks","salát_10_g","sýr_23_g","BBQ omáčka_15_g"],"pocetPorci":0,"nazev":"Cheese burger","chod":"hlavní jídlo","doba":20,"poznamka":"klasická americké kuchyně","cena":105},{"suroviny":["dsa_20_ml"],"pocetPorci":0,"nazev":"Iceland","chod":"hlavní jídlo","doba":20,"poznamka":"","cena":10},{"suroviny":["maso_700_g"],"pocetPorci":0,"nazev":"Non-vege grill meal","chod":"hlavní jídlo","doba":32,"poznamka":"","cena":159},{"suroviny":["maso_30_g","knedlík_3_ks"],"pocetPorci":0,"nazev":"Guláš","chod":"hlavní jídlo","doba":60,"poznamka":"bacha na ostrost a vyladění koření","cena":89}]