[{"nazev":"brokolice","mnozstvi":350,"jednotka":"g"},{"nazev":"kukuřice","mnozstvi":300,"jednotka":"g"},{"nazev":"gnocchi","mnozstvi":0,"jednotka":"g"},{"nazev":"sýr","mnozstvi":3000,"jednotka":"g"},{"nazev":"klobása","mnozstvi":8940,"jednotka":"g"},{"nazev":"bůlka","mnozstvi":50,"jednotka":"ks"},{"nazev":"maso","mnozstvi":688,"jednotka":"g"},{"nazev":"knedlík","mnozstvi":598,"jednotka":"ks"},{"nazev":"zelí","mnozstvi":300,"jednotka":"g"},{"nazev":"dsa","mnozstvi":50,"jednotka":"g"},{"nazev":"křen","mnozstvi":4000,"jednotka":"g"},{"nazev":"chleba","mnozstvi":2940,"jednotka":"g"}]