[{"suroviny":["mouka_30_g","vejce_3_ks"],"nazev":"Palačinky","chod":"snídaně","doba":15,"poznamka":"recept2","cena":59},{"suroviny":["maso_30_g","knedlík_3_ks"],"nazev":"Guláš","chod":"hlavní jídlo","doba":30,"poznamka":"recept3","cena":89},{"suroviny":["brambory_300_g","česnek_20_g"],"nazev":"Bramboráky","chod":"hlavní jídlo","doba":50,"poznamka":"ok","cena":79.9000015258789},{"suroviny":["klobása_2_ks","křen_50_g"],"nazev":"Bratwurst","chod":"jídlo k pivu","doba":10,"poznamka":"klasika","cena":69.9000015258789},{"suroviny":["kuřecí maso_130_g","gnocchi_90_g","sýr_30_g"],"nazev":"Gnochi con pollo","chod":"hlavní jídlo","doba":30,"poznamka":"ok","cena":99.98999786376953},{"suroviny":["maso_20_g","bůlka_1_ks","salát_10_g"],"nazev":"Burger","chod":"hlavní jídlo","doba":20,"poznamka":"recept1 uprava","cena":109}]